Item_Identifier,Outlet_Identifier,Item_Outlet_Sales
FDT11,OUT02,0.1954815769475345
FDB21,OUT04,-0.594453803123534
NCB01,OUT03,0.5511111102345000
FDY31,OUT02,3.642828452342311